cod_oferta;turma;vagas_oferecidas;periodo;matricula_professor;cod_materia;sigla_departamento
653260;A ;12;20181;151785;117391;CIC         
653260;A ;12;20181;151785;117391;CIC         
653260;A ;12;20181;151785;117391;CIC         
653260;A ;12;20181;151785;117391;CIC         
668713;R ;10;20182;986551;116629;CIC         
668713;R ;10;20182;986551;116629;CIC         
668713;R ;10;20182;986551;116629;CIC         
668713;R ;10;20182;986551;116629;CIC         
677347;A ;40;20182;1094122;121681;CIC         
677348;A ;40;20182;1094122;121665;CIC         
677348;A ;40;20182;1094122;121665;CIC         
677348;A ;40;20182;1094122;121665;CIC         
681819;B ;10;20182;1094092;316491;CIC         
681819;B ;10;20182;1094092;316491;CIC         
659974;B ;40;20181;121754;121657;CIC         
659974;B ;40;20181;121754;121657;CIC         
659974;B ;40;20181;121754;121657;CIC         
659975;B ;40;20181;121754;121673;CIC         
662808;RQ;12;20181;1017152;316491;CIC         
662808;RQ;12;20181;1017152;316491;CIC         
664337;F ;3;20181;149667;316521;CIC         
675204;B ;40;20182;999547;121657;CIC         
675204;B ;40;20182;121754;121657;CIC         
675204;B ;40;20182;121754;121657;CIC         
675204;B ;40;20182;999547;121657;CIC         
675204;B ;40;20182;999547;121657;CIC         
675204;B ;40;20182;121754;121657;CIC         
675205;B ;40;20182;121754;121673;CIC         
680261;A ;15;20182;151785;316407;CIC         
680261;A ;15;20182;151785;316407;CIC         
691841;TE;10;20182;1094092;316491;CIC         
691841;TE;10;20182;1094092;316491;CIC         
651181;R ;10;20181;986551;116629;CIC         
651181;R ;10;20181;986551;116629;CIC         
651181;R ;10;20181;986551;116629;CIC         
651181;R ;10;20181;986551;116629;CIC         
657356;A ;30;20181;1096214;121622;CIC         
657356;A ;30;20181;1096214;121622;CIC         
663769;BE;20;20181;1034332;316491;CIC         
663769;BE;20;20181;1034332;316491;CIC         
672508;B ;1;20182;1034332;207322;CIC         
664338;F ;3;20181;149667;316334;CIC         
664338;F ;3;20181;149667;316334;CIC         
664338;F ;3;20181;149667;316334;CIC         
664338;F ;3;20181;149667;316334;CIC         
670564;A ;20;20182;151785;117391;CIC         
670564;A ;20;20182;151785;117391;CIC         
670564;A ;20;20182;151785;117391;CIC         
670564;A ;20;20182;151785;117391;CIC         
680258;A ;20;20182;1036602;316237;CIC         
680258;A ;20;20182;1036602;316237;CIC         
682106;VA;20;20182;1034324;316245;CIC         
682106;VA;20;20182;1034324;316245;CIC         
662812;TC;20;20181;1094092;316491;CIC         
662812;TC;20;20181;1094092;316491;CIC         
655403;B ;25;20181;1106058;116831;CIC         
655403;B ;25;20181;1106058;116831;CIC         
655403;B ;25;20181;1106058;116831;CIC         
680259;A ;15;20182;665495;316504;CIC         
680259;A ;15;20182;665495;316504;CIC         
681349;A ;30;20182;309940;316601;CIC         
681349;A ;30;20182;309940;316601;CIC         
664658;RJ;20;20181;151785;116297;CIC         
664658;RJ;20;20181;151785;116297;CIC         
664658;RJ;20;20181;151785;116297;CIC         
664658;RJ;20;20181;151785;116297;CIC         
664658;RJ;20;20181;151785;116297;CIC         
664658;RJ;20;20181;151785;116297;CIC         
678356;A ;25;20182;1017152;117609;CIC         
678356;A ;25;20182;1017152;117609;CIC         
681335;A ;20;20182;1095315;116297;CIC         
681335;A ;20;20182;1095315;116297;CIC         
681335;A ;20;20182;1095315;116297;CIC         
681335;A ;20;20182;151785;116297;CIC         
681335;A ;20;20182;151785;116297;CIC         
681335;A ;20;20182;151785;116297;CIC         
681335;A ;20;20182;1095315;116297;CIC         
681335;A ;20;20182;1095315;116297;CIC         
681335;A ;20;20182;1095315;116297;CIC         
681335;A ;20;20182;151785;116297;CIC         
681335;A ;20;20182;151785;116297;CIC         
681335;A ;20;20182;151785;116297;CIC         
652392;A ;10;20181;1070380;116297;CIC         
652392;A ;10;20181;1070380;116297;CIC         
652392;A ;10;20181;1070380;116297;CIC         
652392;A ;10;20181;1110721;116297;CIC         
652392;A ;10;20181;1110721;116297;CIC         
652392;A ;10;20181;1110721;116297;CIC         
662809;A ;20;20181;1034324;316261;CIC         
662809;A ;20;20181;1034324;316261;CIC         
662811;AA;20;20181;1035011;316491;CIC         
662811;AA;20;20181;1035011;316491;CIC         
666354;A ;10;20182;504211;116530;CIC         
666354;A ;10;20182;504211;116530;CIC         
655002;A ;20;20181;131032;117196;CIC         
655002;A ;20;20181;131032;117196;CIC         
660446;E ;10;20181;1070380;122891;CIC         
660446;E ;10;20181;1103687;122891;CIC         
660446;E ;10;20181;1070380;122891;CIC         
660446;E ;10;20181;1103687;122891;CIC         
664187;M ;10;20181;63304;122891;CIC         
664187;M ;10;20181;63304;122891;CIC         
680257;A ;15;20182;1035746;323641;CIC         
680257;A ;15;20182;1035746;323641;CIC         
681814;A ;10;20182;1010590;316491;CIC         
681814;A ;10;20182;1056662;316491;CIC         
681814;A ;10;20182;1010590;316491;CIC         
681814;A ;10;20182;1056662;316491;CIC         
656090;A ;20;20181;1094092;117595;CIC         
656090;A ;20;20181;1094092;117595;CIC         
672082;I ;25;20182;1070380;113913;CIC         
672082;I ;25;20182;1070380;113913;CIC         
672082;I ;25;20182;1070380;113913;CIC         
672082;I ;25;20182;1070380;113913;CIC         
673098;F ;12;20182;1027735;116297;CIC         
673098;F ;12;20182;1027735;116297;CIC         
673098;F ;12;20182;1027735;116297;CIC         
673098;F ;12;20182;1027735;116297;CIC         
673098;F ;12;20182;1027735;116297;CIC         
673098;F ;12;20182;1027735;116297;CIC         
681333;A ;40;20182;121754;116823;CIC         
681333;A ;40;20182;121754;116823;CIC         
681333;A ;40;20182;121754;116823;CIC         
655191;A ;30;20181;504211;116360;CIC         
655191;A ;30;20181;504211;116360;CIC         
664412;B ;20;20181;1094122;116858;CIC         
664412;B ;20;20181;1094122;116858;CIC         
672145;A ;20;20182;131032;117196;CIC         
672145;A ;20;20182;131032;117196;CIC         
672310;A ;30;20182;504211;116360;CIC         
672310;A ;30;20182;504211;116360;CIC         
673096;A ;25;20182;1099264;116947;CIC         
673096;A ;25;20182;1099264;116947;CIC         
673097;A ;20;20182;1094092;117595;CIC         
673097;A ;20;20182;1094092;117595;CIC         
673918;A ;30;20182;999547;121622;CIC         
673918;A ;30;20182;999547;121622;CIC         
653105;A ;35;20181;1034774;116459;CIC         
653105;A ;35;20181;1034774;116459;CIC         
653105;A ;35;20181;1034774;116459;CIC         
662814;B ;20;20181;1036602;316482;CIC         
662814;B ;20;20181;1036602;316482;CIC         
662814;B ;20;20181;1036602;316482;CIC         
662814;B ;20;20181;1036602;316482;CIC         
664223;A ;15;20181;1013955;117579;CIC         
664223;A ;15;20181;1013955;117579;CIC         
657591;A ;30;20181;1034774;121649;CIC         
657640;A ;30;20181;1034774;121631;CIC         
657640;A ;30;20181;1034774;121631;CIC         
658357;C ;10;20181;1048571;116297;CIC         
658357;C ;10;20181;1048571;116297;CIC         
658357;C ;10;20181;1048571;116297;CIC         
658357;C ;10;20181;1048571;116297;CIC         
658357;C ;10;20181;1048571;116297;CIC         
658357;C ;10;20181;1048571;116297;CIC         
670828;B ;30;20182;143448;117366;CIC         
670828;B ;30;20182;143448;117366;CIC         
678351;M ;15;20182;1035746;116297;CIC         
678351;M ;15;20182;1035746;116297;CIC         
678351;M ;15;20182;1035746;116297;CIC         
678351;M ;15;20182;1035746;116297;CIC         
678351;M ;15;20182;1035746;116297;CIC         
678351;M ;15;20182;1035746;116297;CIC         
681334;A ;40;20182;1094122;116831;CIC         
681334;A ;40;20182;1094122;116831;CIC         
681334;A ;40;20182;1094122;116831;CIC         
681901;A ;10;20182;149870;116068;CIC         
681901;A ;10;20182;149870;116068;CIC         
681901;A ;10;20182;149870;116068;CIC         
681901;A ;10;20182;149870;116068;CIC         
681901;A ;10;20182;149870;116068;CIC         
681901;A ;10;20182;149870;116068;CIC         
681901;A ;10;20182;149870;116068;CIC         
681901;A ;10;20182;149870;116068;CIC         
681901;A ;10;20182;149870;116068;CIC         
654917;H ;25;20181;1050711;113913;CIC         
654917;H ;25;20181;1050711;113913;CIC         
654917;H ;25;20181;1050711;113913;CIC         
654917;H ;25;20181;1050711;113913;CIC         
654917;H ;25;20181;1070380;113913;CIC         
654917;H ;25;20181;1070380;113913;CIC         
654917;H ;25;20181;1070380;113913;CIC         
654917;H ;25;20181;1070380;113913;CIC         
657637;A ;30;20181;1035011;121771;CIC         
657637;A ;30;20181;1035011;121771;CIC         
668914;B ;40;20182;63304;116343;CIC         
668914;B ;40;20182;63304;116343;CIC         
672071;M ;26;20182;1070380;113913;CIC         
672071;M ;26;20182;1070380;113913;CIC         
672071;M ;26;20182;1070380;113913;CIC         
672071;M ;26;20182;1070380;113913;CIC         
648663;A ;20;20181;504211;116530;CIC         
648663;A ;20;20181;504211;116530;CIC         
652731;A ;40;20181;1011693;116572;CIC         
652731;A ;40;20181;1011693;116572;CIC         
652731;A ;40;20181;1011693;116572;CIC         
652731;A ;40;20181;1011693;116572;CIC         
652731;A ;40;20181;1011693;116572;CIC         
652731;A ;40;20181;1011693;116572;CIC         
653561;A ;40;20181;143448;117366;CIC         
653561;A ;40;20181;143448;117366;CIC         
660547;A ;30;20181;131032;117404;CIC         
660547;A ;30;20181;131032;117404;CIC         
670419;A ;35;20182;1034774;116459;CIC         
670419;A ;35;20182;1034774;116459;CIC         
670419;A ;35;20182;1034774;116459;CIC         
679552;A ;20;20182;997536;116611;CIC         
679552;A ;20;20182;997536;116611;CIC         
650257;B ;25;20181;121754;116823;CIC         
650257;B ;25;20181;121754;116823;CIC         
650257;B ;25;20181;121754;116823;CIC         
656643;A ;30;20181;1027654;117587;CIC         
656643;A ;30;20181;1027654;117587;CIC         
672073;F ;25;20182;1070380;113913;CIC         
672073;F ;25;20182;1070380;113913;CIC         
672073;F ;25;20182;1070380;113913;CIC         
672073;F ;25;20182;1070380;113913;CIC         
674334;A ;20;20182;1027735;122891;CIC         
674334;A ;20;20182;1027735;122891;CIC         
654926;J ;25;20181;1050711;113913;CIC         
654926;J ;25;20181;1050711;113913;CIC         
654926;J ;25;20181;1070380;113913;CIC         
654926;J ;25;20181;1070380;113913;CIC         
654926;J ;25;20181;1070380;113913;CIC         
654926;J ;25;20181;1070380;113913;CIC         
654926;J ;25;20181;1050711;113913;CIC         
654926;J ;25;20181;1050711;113913;CIC         
660551;E ;20;20181;1035011;116297;CIC         
660551;E ;20;20181;1035011;116297;CIC         
660551;E ;20;20181;1035011;116297;CIC         
660551;E ;20;20181;1035011;116297;CIC         
660551;E ;20;20181;1035011;116297;CIC         
660551;E ;20;20181;1035011;116297;CIC         
671537;A ;35;20182;1096214;116416;CIC         
671537;A ;35;20182;1096214;116416;CIC         
671537;A ;35;20182;1012606;116416;CIC         
671537;A ;35;20182;1012606;116416;CIC         
671537;A ;35;20182;1096214;116416;CIC         
671537;A ;35;20182;1096214;116416;CIC         
671537;A ;35;20182;1012606;116416;CIC         
671537;A ;35;20182;1012606;116416;CIC         
672069;K ;25;20182;1070380;113913;CIC         
672069;K ;25;20182;1070380;113913;CIC         
672069;K ;25;20182;1070380;113913;CIC         
672069;K ;25;20182;1070380;113913;CIC         
672081;J ;25;20182;1070380;113913;CIC         
672081;J ;25;20182;1070380;113913;CIC         
672081;J ;25;20182;1070380;113913;CIC         
672081;J ;25;20182;1070380;113913;CIC         
674030;A ;30;20182;149870;121771;CIC         
674030;A ;30;20182;149870;121771;CIC         
653081;A ;40;20181;1027735;117251;CIC         
653081;A ;40;20181;1027735;117251;CIC         
654921;N ;25;20181;1050711;113913;CIC         
654921;N ;25;20181;1050711;113913;CIC         
654921;N ;25;20181;1070380;113913;CIC         
654921;N ;25;20181;1070380;113913;CIC         
654921;N ;25;20181;1070380;113913;CIC         
654921;N ;25;20181;1070380;113913;CIC         
654921;N ;25;20181;1050711;113913;CIC         
654921;N ;25;20181;1050711;113913;CIC         
654922;L ;25;20181;1070380;113913;CIC         
654922;L ;25;20181;1070380;113913;CIC         
654922;L ;25;20181;1070380;113913;CIC         
654922;L ;25;20181;1070380;113913;CIC         
670109;A ;1;20182;1049119;207438;CIC         
670109;A ;1;20182;1049119;207438;CIC         
670109;A ;1;20182;1049119;207438;CIC         
670109;A ;1;20182;1049119;207438;CIC         
670109;A ;1;20182;1049119;207438;CIC         
672076;N ;25;20182;1070380;113913;CIC         
672076;N ;25;20182;1070380;113913;CIC         
672076;N ;25;20182;1070380;113913;CIC         
672076;N ;25;20182;1070380;113913;CIC         
654916;M ;26;20181;1070380;113913;CIC         
654916;M ;26;20181;1070380;113913;CIC         
654916;M ;26;20181;1070380;113913;CIC         
654916;M ;26;20181;1070380;113913;CIC         
654918;F ;25;20181;1070380;113913;CIC         
654918;F ;25;20181;1070380;113913;CIC         
654918;F ;25;20181;1070380;113913;CIC         
654918;F ;25;20181;1070380;113913;CIC         
654927;I ;25;20181;1070380;113913;CIC         
654927;I ;25;20181;1070380;113913;CIC         
654927;I ;25;20181;1070380;113913;CIC         
654927;I ;25;20181;1070380;113913;CIC         
658239;A ;20;20181;1027735;122891;CIC         
658239;A ;20;20181;1027735;122891;CIC         
654915;B ;25;20181;1070380;113913;CIC         
654915;B ;25;20181;1070380;113913;CIC         
654915;B ;25;20181;1070380;113913;CIC         
654915;B ;25;20181;1070380;113913;CIC         
657565;A ;30;20181;1036602;117943;CIC         
657565;A ;30;20181;1036602;117943;CIC         
665845;B ;45;20182;1034448;116327;CIC         
665845;B ;45;20182;1034448;116327;CIC         
665845;B ;45;20182;1034448;116327;CIC         
665845;B ;45;20182;1034448;116327;CIC         
672070;B ;25;20182;1070380;113913;CIC         
672070;B ;25;20182;1070380;113913;CIC         
672070;B ;25;20182;1070380;113913;CIC         
672070;B ;25;20182;1070380;113913;CIC         
672080;G ;25;20182;1070380;113913;CIC         
672080;G ;25;20182;1070380;113913;CIC         
672080;G ;25;20182;1070380;113913;CIC         
672080;G ;25;20182;1070380;113913;CIC         
676330;A ;30;20182;1013955;117579;CIC         
676330;A ;30;20182;1013955;117579;CIC         
680262;A ;25;20182;149667;316032;CIC         
680262;A ;25;20182;149667;316032;CIC         
655713;B ;40;20181;1011693;116572;CIC         
655713;B ;40;20181;1011693;116572;CIC         
655713;B ;40;20181;1011693;116572;CIC         
655713;B ;40;20181;1011693;116572;CIC         
655713;B ;40;20181;1011693;116572;CIC         
655713;B ;40;20181;1011693;116572;CIC         
659910;D ;40;20181;1013955;116319;CIC         
659910;D ;40;20181;1013955;116319;CIC         
671538;B ;35;20182;1096214;116416;CIC         
671538;B ;35;20182;1096214;116416;CIC         
671538;B ;35;20182;1096214;116416;CIC         
671538;B ;35;20182;1096214;116416;CIC         
671538;B ;35;20182;1012606;116416;CIC         
671538;B ;35;20182;1012606;116416;CIC         
671538;B ;35;20182;1012606;116416;CIC         
671538;B ;35;20182;1012606;116416;CIC         
672077;L ;25;20182;1070380;113913;CIC         
672077;L ;25;20182;1070380;113913;CIC         
672077;L ;25;20182;1070380;113913;CIC         
672077;L ;25;20182;1070380;113913;CIC         
648578;A ;20;20181;986551;116351;CIC         
648578;A ;20;20181;986551;116351;CIC         
648578;A ;20;20181;986551;116351;CIC         
648579;B ;20;20181;986551;116351;CIC         
648579;B ;20;20181;986551;116351;CIC         
648579;B ;20;20181;986551;116351;CIC         
648580;C ;20;20181;1095315;116351;CIC         
648580;C ;20;20181;1095315;116351;CIC         
648580;C ;20;20181;1095315;116351;CIC         
649271;B ;30;20181;1032585;116394;CIC         
649271;B ;30;20181;1032585;116394;CIC         
653560;B ;30;20181;986721;117366;CIC         
653560;B ;30;20181;986721;117366;CIC         
654920;E ;25;20181;1050711;113913;CIC         
654920;E ;25;20181;1050711;113913;CIC         
654920;E ;25;20181;1070380;113913;CIC         
654920;E ;25;20181;1070380;113913;CIC         
654920;E ;25;20181;1050711;113913;CIC         
654920;E ;25;20181;1050711;113913;CIC         
654920;E ;25;20181;1070380;113913;CIC         
654920;E ;25;20181;1070380;113913;CIC         
659913;A ;25;20181;1011901;117552;CIC         
659913;A ;25;20181;1011901;117552;CIC         
659955;D ;30;20181;1032585;116394;CIC         
659955;D ;30;20181;1032585;116394;CIC         
659991;A ;21;20181;1103687;116793;CIC         
659991;A ;21;20181;1103687;116793;CIC         
670103;A ;40;20182;1011693;116572;CIC         
670103;A ;40;20182;1011693;116572;CIC         
670103;A ;40;20182;1011693;116572;CIC         
670103;A ;40;20182;1011693;116572;CIC         
670103;A ;40;20182;1011693;116572;CIC         
670103;A ;40;20182;1011693;116572;CIC         
648581;D ;20;20181;1095315;116351;CIC         
648581;D ;20;20181;1095315;116351;CIC         
648581;D ;20;20181;1095315;116351;CIC         
652056;A ;40;20181;1054791;116424;CIC         
652056;A ;40;20181;1054791;116424;CIC         
652056;A ;40;20181;1054791;116424;CIC         
652056;A ;40;20181;1054791;116424;CIC         
654923;C ;26;20181;1070380;113913;CIC         
654923;C ;26;20181;1070380;113913;CIC         
654923;C ;26;20181;1050711;113913;CIC         
654923;C ;26;20181;1050711;113913;CIC         
654923;C ;26;20181;1070380;113913;CIC         
654923;C ;26;20181;1070380;113913;CIC         
654923;C ;26;20181;1050711;113913;CIC         
654923;C ;26;20181;1050711;113913;CIC         
669157;A ;45;20182;139751;204315;CIC         
669157;A ;45;20182;139751;204315;CIC         
672072;H ;25;20182;986551;113913;CIC         
672072;H ;25;20182;986551;113913;CIC         
672072;H ;25;20182;986551;113913;CIC         
672072;H ;25;20182;986551;113913;CIC         
672072;H ;25;20182;1070380;113913;CIC         
672072;H ;25;20182;1070380;113913;CIC         
672072;H ;25;20182;1070380;113913;CIC         
672072;H ;25;20182;1070380;113913;CIC         
672074;A ;25;20182;1070380;113913;CIC         
672074;A ;25;20182;1070380;113913;CIC         
672074;A ;25;20182;1070380;113913;CIC         
672074;A ;25;20182;1070380;113913;CIC         
674008;A ;30;20182;1034774;121649;CIC         
674031;A ;30;20182;1034774;121631;CIC         
674031;A ;30;20182;1034774;121631;CIC         
648072;A ;35;20181;1109057;116327;CIC         
648072;A ;35;20181;1109057;116327;CIC         
648072;A ;35;20181;1109057;116327;CIC         
648072;A ;35;20181;1109057;116327;CIC         
653489;A ;40;20181;1067800;116599;CIC         
653489;A ;40;20181;1067800;116599;CIC         
654919;A ;25;20181;1070380;113913;CIC         
654919;A ;25;20181;1070380;113913;CIC         
654919;A ;25;20181;1070380;113913;CIC         
654919;A ;25;20181;1070380;113913;CIC         
654924;D ;25;20181;1050711;113913;CIC         
654924;D ;25;20181;1050711;113913;CIC         
654924;D ;25;20181;1070380;113913;CIC         
654924;D ;25;20181;1070380;113913;CIC         
654924;D ;25;20181;1050711;113913;CIC         
654924;D ;25;20181;1050711;113913;CIC         
654924;D ;25;20181;1070380;113913;CIC         
654924;D ;25;20181;1070380;113913;CIC         
654925;G ;25;20181;1070380;113913;CIC         
654925;G ;25;20181;1070380;113913;CIC         
654925;G ;25;20181;1070380;113913;CIC         
654925;G ;25;20181;1070380;113913;CIC         
659908;A ;30;20181;1106058;116866;CIC         
659908;A ;30;20181;1106058;116866;CIC         
668470;B ;40;20182;1035746;116378;CIC         
668470;B ;40;20182;1035746;116378;CIC         
668470;B ;40;20182;1035746;116378;CIC         
668470;B ;40;20182;1035746;116378;CIC         
672075;E ;25;20182;1054791;113913;CIC         
672075;E ;25;20182;1054791;113913;CIC         
672075;E ;25;20182;1070380;113913;CIC         
672075;E ;25;20182;1070380;113913;CIC         
672075;E ;25;20182;1054791;113913;CIC         
672075;E ;25;20182;1054791;113913;CIC         
672075;E ;25;20182;1070380;113913;CIC         
672075;E ;25;20182;1070380;113913;CIC         
672078;C ;26;20182;986551;113913;CIC         
672078;C ;26;20182;986551;113913;CIC         
672078;C ;26;20182;986551;113913;CIC         
672078;C ;26;20182;986551;113913;CIC         
672078;C ;26;20182;1070380;113913;CIC         
672078;C ;26;20182;1070380;113913;CIC         
672078;C ;26;20182;1070380;113913;CIC         
672078;C ;26;20182;1070380;113913;CIC         
654175;B ;40;20181;1034448;113468;CIC         
654175;B ;40;20181;1034448;113468;CIC         
654535;H ;32;20181;1103679;113476;CIC         
654535;H ;32;20181;1103679;113476;CIC         
654535;H ;32;20181;1103679;113476;CIC         
654914;K ;25;20181;1070380;113913;CIC         
654914;K ;25;20181;1070380;113913;CIC         
654914;K ;25;20181;1070380;113913;CIC         
654914;K ;25;20181;1070380;113913;CIC         
666294;A ;1;20182;1049119;207314;CIC         
666294;A ;1;20182;1049119;207314;CIC         
666294;A ;1;20182;1049119;207314;CIC         
666294;A ;1;20182;1049119;207314;CIC         
666294;A ;1;20182;1049119;207314;CIC         
672768;B ;40;20182;1011693;116572;CIC         
672768;B ;40;20182;1011693;116572;CIC         
672768;B ;40;20182;1011693;116572;CIC         
672768;B ;40;20182;1011693;116572;CIC         
672768;B ;40;20182;1011693;116572;CIC         
672768;B ;40;20182;1011693;116572;CIC         
673997;A ;20;20182;986551;200379;CIC         
673997;A ;20;20182;986551;200379;CIC         
675160;A ;30;20182;1106058;116866;CIC         
675160;A ;30;20182;1106058;116866;CIC         
675189;D ;40;20182;1032585;116394;CIC         
675189;D ;40;20182;1032585;116394;CIC         
648665;E ;40;20181;1067800;116319;CIC         
648665;E ;40;20181;1067800;116319;CIC         
661173;A ;20;20181;149667;316024;CIC         
661173;A ;20;20181;149667;316024;CIC         
669627;A ;40;20182;1012606;116726;CIC         
670397;A ;40;20182;1027735;117251;CIC         
670397;A ;40;20182;1027735;117251;CIC         
648073;B ;45;20181;997536;116327;CIC         
648073;B ;45;20181;997536;116327;CIC         
648073;B ;45;20181;997536;116327;CIC         
648073;B ;45;20181;997536;116327;CIC         
651392;A ;45;20181;63304;116343;CIC         
651392;A ;45;20181;63304;116343;CIC         
654323;B ;35;20181;1027654;116416;CIC         
654323;B ;35;20181;1027654;116416;CIC         
654323;B ;35;20181;1027654;116416;CIC         
654323;B ;35;20181;1027654;116416;CIC         
672079;D ;25;20182;1054791;113913;CIC         
672079;D ;25;20182;1054791;113913;CIC         
672079;D ;25;20182;1070380;113913;CIC         
672079;D ;25;20182;1070380;113913;CIC         
672079;D ;25;20182;1054791;113913;CIC         
672079;D ;25;20182;1054791;113913;CIC         
672079;D ;25;20182;1070380;113913;CIC         
672079;D ;25;20182;1070380;113913;CIC         
652253;A ;42;20181;63304;116432;CIC         
652253;A ;42;20181;63304;116432;CIC         
655920;A ;30;20181;1056662;117935;CIC         
655920;A ;30;20181;1056662;117935;CIC         
665658;A ;40;20182;994235;201600;CIC         
665658;A ;40;20182;994235;201600;CIC         
666924;B ;40;20182;1032585;116394;CIC         
666924;B ;40;20182;1032585;116394;CIC         
677338;A ;30;20182;504211;117927;CIC         
677338;A ;30;20182;504211;117927;CIC         
652214;A ;40;20181;1012606;116726;CIC         
655248;A ;30;20181;139751;204323;CIC         
655248;A ;30;20181;139751;204323;CIC         
656505;A ;30;20181;1034456;117242;CIC         
656505;A ;30;20181;1034456;117242;CIC         
672953;A ;30;20182;1056662;117935;CIC         
672953;A ;30;20182;1056662;117935;CIC         
651282;B ;40;20181;1036602;116441;CIC         
651282;B ;40;20181;1036602;116441;CIC         
666927;A ;30;20182;1016377;116394;CIC         
666927;A ;30;20182;1016377;116394;CIC         
670765;A ;40;20182;1067800;116599;CIC         
670765;A ;40;20182;1067800;116599;CIC         
670829;A ;45;20182;986721;117366;CIC         
670829;A ;45;20182;986721;117366;CIC         
672387;A ;40;20182;994235;117536;CIC         
672387;A ;40;20182;994235;117536;CIC         
649272;C ;30;20181;151785;116394;CIC         
649272;C ;30;20181;151785;116394;CIC         
654532;C ;40;20181;1048473;113476;CIC         
654532;C ;40;20181;1048473;113476;CIC         
654532;C ;40;20181;1048473;113476;CIC         
668805;B ;40;20182;131032;116441;CIC         
668805;B ;40;20182;131032;116441;CIC         
669661;A ;42;20182;63304;116432;CIC         
669661;A ;42;20182;63304;116432;CIC         
673445;A ;40;20182;1034456;117242;CIC         
673445;A ;40;20182;1034456;117242;CIC         
650922;B ;40;20181;997536;116378;CIC         
650922;B ;40;20181;997536;116378;CIC         
650922;B ;40;20181;997536;116378;CIC         
650922;B ;40;20181;997536;116378;CIC         
650923;A ;40;20181;1035746;116378;CIC         
650923;A ;40;20181;1035746;116378;CIC         
650923;A ;40;20181;1035746;116378;CIC         
650923;A ;40;20181;1035746;116378;CIC         
650969;A ;40;20181;149870;116467;CIC         
650969;A ;40;20181;149870;116467;CIC         
650969;A ;40;20181;149870;116467;CIC         
650969;A ;40;20181;149870;116467;CIC         
650969;A ;40;20181;149870;116467;CIC         
650969;A ;40;20181;149870;116467;CIC         
656534;A ;40;20181;1096214;121614;CIC         
666359;C ;40;20182;1056662;116319;CIC         
666359;C ;40;20182;1056662;116319;CIC         
668514;A ;40;20182;1035011;116467;CIC         
668514;A ;40;20182;1035011;116467;CIC         
668514;A ;40;20182;1035011;116467;CIC         
668514;A ;40;20182;1035011;116467;CIC         
668514;A ;40;20182;1035011;116467;CIC         
668514;A ;40;20182;1035011;116467;CIC         
670324;C ;40;20182;309940;113450;CIC         
670324;C ;40;20182;309940;113450;CIC         
648074;C ;35;20181;1034448;116327;CIC         
648074;C ;35;20181;1034448;116327;CIC         
648074;C ;35;20181;1034448;116327;CIC         
648074;C ;35;20181;1034448;116327;CIC         
648667;B ;40;20181;149667;116319;CIC         
648667;B ;40;20181;149667;116319;CIC         
665846;C ;35;20182;1034448;116327;CIC         
665846;C ;35;20182;1034448;116327;CIC         
665846;C ;35;20182;1034448;116327;CIC         
665846;C ;35;20182;1034448;116327;CIC         
666356;E ;40;20182;1067800;116319;CIC         
666356;E ;40;20182;1067800;116319;CIC         
671728;B ;35;20182;1099264;113476;CIC         
671728;B ;35;20182;1099264;113476;CIC         
671728;B ;35;20182;1099264;113476;CIC         
672354;A ;40;20182;139751;204323;CIC         
672354;A ;40;20182;139751;204323;CIC         
679863;GG;40;20182;1016512;113476;CIC         
679863;GG;40;20182;1016512;113476;CIC         
679863;GG;40;20182;1016512;113476;CIC         
650643;A ;40;20181;1016377;113468;CIC         
650643;A ;40;20181;1016377;113468;CIC         
650916;A ;40;20181;1053574;116882;CIC         
650916;A ;40;20181;1053574;116882;CIC         
650916;A ;40;20181;1053574;116882;CIC         
652317;B ;40;20181;1048571;117889;CIC         
652317;B ;40;20181;1048571;117889;CIC         
654322;A ;35;20181;1012606;116416;CIC         
654322;A ;35;20181;1012606;116416;CIC         
654322;A ;35;20181;1012606;116416;CIC         
654322;A ;35;20181;1012606;116416;CIC         
654533;D ;40;20181;1034456;113476;CIC         
654533;D ;40;20181;1034456;113476;CIC         
654533;D ;40;20181;1034456;113476;CIC         
657567;F ;41;20181;1109057;113476;CIC         
657567;F ;41;20181;1109057;113476;CIC         
657567;F ;41;20181;1109057;113476;CIC         
668804;A ;40;20182;1036602;116441;CIC         
668804;A ;40;20182;1036602;116441;CIC         
669497;A ;40;20182;1054791;116424;CIC         
669497;A ;40;20182;1054791;116424;CIC         
669497;A ;40;20182;1054791;116424;CIC         
669497;A ;40;20182;1054791;116424;CIC         
671729;C ;41;20182;1048473;113476;CIC         
671729;C ;41;20182;1048473;113476;CIC         
671729;C ;41;20182;1048473;113476;CIC         
671731;E ;40;20182;1034456;113476;CIC         
671731;E ;40;20182;1034456;113476;CIC         
671731;E ;40;20182;1034456;113476;CIC         
672484;A ;40;20182;1017152;206075;CIC         
672484;A ;40;20182;1017152;206075;CIC         
672767;A ;40;20182;149667;116653;CIC         
672767;A ;40;20182;149667;116653;CIC         
647871;A ;40;20181;994235;201600;CIC         
647871;A ;40;20181;994235;201600;CIC         
648668;C ;40;20181;1056662;116319;CIC         
648668;C ;40;20181;1056662;116319;CIC         
654534;E ;41;20181;1094092;113476;CIC         
654534;E ;41;20181;1094092;113476;CIC         
654534;E ;41;20181;1094092;113476;CIC         
666925;C ;40;20182;151785;116394;CIC         
666925;C ;40;20182;151785;116394;CIC         
671732;H ;32;20182;1113101;113476;CIC         
671732;H ;32;20182;1011901;113476;CIC         
671732;H ;32;20182;1011901;113476;CIC         
671732;H ;32;20182;1011901;113476;CIC         
671732;H ;32;20182;1113101;113476;CIC         
671732;H ;32;20182;1113101;113476;CIC         
673994;A ;40;20182;1043692;117943;CIC         
673994;A ;40;20182;1043692;117943;CIC         
648666;A ;40;20181;1054791;116319;CIC         
648666;A ;40;20181;1054791;116319;CIC         
651281;A ;40;20181;1096214;116441;CIC         
651281;A ;40;20181;1096214;116441;CIC         
652320;C ;40;20181;131032;117889;CIC         
652320;C ;40;20181;131032;117889;CIC         
654531;B ;35;20181;1099264;113476;CIC         
654531;B ;35;20181;1099264;113476;CIC         
654531;B ;35;20181;1099264;113476;CIC         
663667;B ;20;20181;139751;116297;CIC         
663667;B ;20;20181;139751;116297;CIC         
663667;B ;20;20181;139751;116297;CIC         
663667;B ;20;20181;139751;116297;CIC         
663667;B ;20;20181;139751;116297;CIC         
663667;B ;20;20181;139751;116297;CIC         
669721;C ;40;20182;131032;117889;CIC         
669721;C ;40;20182;131032;117889;CIC         
649276;A ;30;20181;1016377;116394;CIC         
649276;A ;30;20181;1016377;116394;CIC         
652316;A ;40;20181;1043692;117889;CIC         
652316;A ;40;20181;1043692;117889;CIC         
652573;I ;41;20181;1103679;116793;CIC         
652573;I ;41;20181;1103679;116793;CIC         
655283;A ;40;20181;994235;117536;CIC         
655283;A ;40;20181;994235;117536;CIC         
655387;A ;40;20181;1017152;206075;CIC         
655387;A ;40;20181;1017152;206075;CIC         
655712;A ;40;20181;149667;116653;CIC         
655712;A ;40;20181;149667;116653;CIC         
668471;A ;40;20182;1043692;116378;CIC         
668471;A ;40;20182;1043692;116378;CIC         
668471;A ;40;20182;1043692;116378;CIC         
668471;A ;40;20182;1043692;116378;CIC         
669718;B ;40;20182;1114409;117889;CIC         
669718;B ;40;20182;1114409;117889;CIC         
671730;D ;39;20182;1094092;113476;CIC         
671730;D ;39;20182;1094092;113476;CIC         
671730;D ;39;20182;1094092;113476;CIC         
672841;A ;40;20182;1013955;117901;CIC         
672841;A ;40;20182;1013955;117901;CIC         
675162;D ;40;20182;1034332;116319;CIC         
675162;D ;40;20182;1034332;116319;CIC         
655783;A ;40;20181;1048571;117897;CIC         
655783;A ;40;20181;1048571;117897;CIC         
659917;B ;40;20181;986721;117536;CIC         
659917;B ;40;20181;986721;117536;CIC         
666358;B ;40;20182;1112708;116319;CIC         
666358;B ;40;20182;1112708;116319;CIC         
668464;A ;40;20182;1053574;116882;CIC         
668464;A ;40;20182;1053574;116882;CIC         
668464;A ;40;20182;1053574;116882;CIC         
669717;A ;40;20182;1114409;117889;CIC         
669717;A ;40;20182;1114409;117889;CIC         
652254;B ;40;20181;1034332;116432;CIC         
652254;B ;40;20181;1034332;116432;CIC         
654530;A ;40;20181;1011901;113476;CIC         
654530;A ;40;20181;1011901;113476;CIC         
654530;A ;40;20181;1011901;113476;CIC         
665844;A ;35;20182;997536;116327;CIC         
665844;A ;35;20182;997536;116327;CIC         
665844;A ;35;20182;997536;116327;CIC         
665844;A ;35;20182;997536;116327;CIC         
651653;A ;45;20181;1050711;204315;CIC         
651653;A ;45;20181;1050711;204315;CIC         
653765;B ;45;20181;1012606;116726;CIC         
655797;A ;40;20181;1013955;117901;CIC         
655797;A ;40;20181;1013955;117901;CIC         
668207;A ;40;20182;1016377;113468;CIC         
668207;A ;40;20182;1016377;113468;CIC         
671023;B ;43;20182;1012606;116726;CIC         
673468;A ;30;20182;999547;121614;CIC         
675168;B ;45;20182;986721;117536;CIC         
675168;B ;45;20182;986721;117536;CIC         
651393;B ;40;20181;1034324;116343;CIC         
651393;B ;40;20181;1034324;116343;CIC         
666357;A ;40;20182;1054791;116319;CIC         
666357;A ;40;20182;1054791;116319;CIC         
669961;I ;40;20182;1112708;116793;CIC         
669961;I ;40;20182;1112708;116793;CIC         
671727;A ;40;20182;1011901;113476;CIC         
671727;A ;40;20182;1011901;113476;CIC         
671727;A ;40;20182;1011901;113476;CIC         
652998;C ;40;20181;1043692;113450;CIC         
652998;C ;40;20181;1043692;113450;CIC         
668913;A ;45;20182;1034324;116343;CIC         
668913;A ;45;20182;1034324;116343;CIC         
669662;B ;40;20182;1034332;116432;CIC         
669662;B ;40;20182;1034332;116432;CIC         
672832;A ;45;20182;1113101;117897;CIC         
672832;A ;45;20182;1113101;117897;CIC         
676178;B ;45;20182;139751;116297;CIC         
676178;B ;45;20182;139751;116297;CIC         
676178;B ;45;20182;139751;116297;CIC         
676178;B ;45;20182;139751;116297;CIC         
676178;B ;45;20182;139751;116297;CIC         
676178;B ;45;20182;139751;116297;CIC         
672125;A ;52;20182;1035011;117528;CIC         
653776;A ;50;20181;1053574;113450;CIC         
653776;A ;50;20181;1053574;113450;CIC         
673095;DD;65;20182;1099299;113476;CIC         
673095;DD;65;20182;1099299;113476;CIC         
673095;DD;65;20182;1099299;113476;CIC         
653777;B ;46;20181;1099141;113450;CIC         
653777;B ;46;20181;1099141;113450;CIC         
654980;A ;52;20181;151785;117528;CIC         
671033;A ;50;20182;1053574;113450;CIC         
671033;A ;50;20182;1053574;113450;CIC         
671034;B ;50;20182;1099141;113450;CIC         
671034;B ;50;20182;1099141;113450;CIC         
650681;A ;50;20181;1094122;113492;CIC         
650681;A ;50;20181;1094122;113492;CIC         
668241;A ;50;20182;121754;113492;CIC         
668241;A ;50;20182;121754;113492;CIC         
673486;FF;65;20182;1042653;113476;CIC         
673486;FF;65;20182;1042653;113476;CIC         
673486;FF;65;20182;1042653;113476;CIC         
656590;FF;70;20181;1099299;113476;CIC         
656590;FF;70;20181;1099299;113476;CIC         
656590;FF;70;20181;1099299;113476;CIC         
656085;CC;65;20181;1042653;113476;CIC         
656085;CC;65;20181;1042653;113476;CIC         
656085;CC;65;20181;1042653;113476;CIC         
656086;DD;65;20181;1104748;113476;CIC         
656086;DD;65;20181;1104748;113476;CIC         
656086;DD;65;20181;1104748;113476;CIC         
673093;BB;65;20182;1062816;113476;CIC         
673093;BB;65;20182;1062816;113476;CIC         
673093;BB;65;20182;1062816;113476;CIC         
656084;BB;65;20181;1062816;113476;CIC         
656084;BB;65;20181;1062816;113476;CIC         
656084;BB;65;20181;1062816;113476;CIC         
656083;AA;65;20181;1062867;113476;CIC         
656083;AA;65;20181;1062867;113476;CIC         
656083;AA;65;20181;1062867;113476;CIC         
657587;EE;70;20181;1099850;113476;CIC         
657587;EE;70;20181;1099850;113476;CIC         
657587;EE;70;20181;1099850;113476;CIC         
674006;EE;65;20182;1099299;113476;CIC         
674006;EE;65;20182;1099299;113476;CIC         
674006;EE;65;20182;1099299;113476;CIC         
673092;AA;65;20182;1062867;113476;CIC         
673092;AA;65;20182;1062867;113476;CIC         
673092;AA;65;20182;1062867;113476;CIC         
673094;CC;65;20182;1099850;113476;CIC         
673094;CC;65;20182;1099850;113476;CIC         
673094;CC;65;20182;1099850;113476;CIC         
674397;D ;100;20182;1111931;116297;CIC         
674397;D ;100;20182;1111931;116297;CIC         
674397;D ;100;20182;1111931;116297;CIC         
674397;D ;100;20182;1012606;116297;CIC         
674397;D ;100;20182;1012606;116297;CIC         
674397;D ;100;20182;1012606;116297;CIC         
674397;D ;100;20182;1111931;116297;CIC         
674397;D ;100;20182;1111931;116297;CIC         
674397;D ;100;20182;1111931;116297;CIC         
674397;D ;100;20182;1012606;116297;CIC         
674397;D ;100;20182;1012606;116297;CIC         
674397;D ;100;20182;1012606;116297;CIC         
658403;D ;100;20181;1012606;116297;CIC         
658403;D ;100;20181;1012606;116297;CIC         
658403;D ;100;20181;1012606;116297;CIC         
658403;D ;100;20181;1090780;116297;CIC         
658403;D ;100;20181;1090780;116297;CIC         
658403;D ;100;20181;1090780;116297;CIC         
658403;D ;100;20181;1090780;116297;CIC         
658403;D ;100;20181;1090780;116297;CIC         
658403;D ;100;20181;1090780;116297;CIC         
658403;D ;100;20181;1012606;116297;CIC         
658403;D ;100;20181;1012606;116297;CIC         
658403;D ;100;20181;1012606;116297;CIC         
